John, 28, Male, Pizza
Emily, 35, Female, Sushi
Michael, 42, Male, Steak
Sarah, 30, Female, Tacos
David, 25, Male, Pasta
Jessica, 29, Female, Burgers
Chris, 33, Male, BBQ Ribs
Michelle, 37, Female, Indian Curry
Daniel, 31, Male, Ramen
Rachel, 27, Female, Salad
Alex, 40, Male, Sushi
Stephanie, 34, Female, Pizza
Brian, 39, Male, Chicken Wings
Kimberly, 32, Female, Tiramisu
Jason, 36, Male, Tacos
Amanda, 26, Female, Pad Thai
Eric, 29, Male, Pho
Jennifer, 38, Female, Chocolate Cake
Patrick, 45, Male, Lobster
Lauren, 31, Female, Mediterranean Cuisine